{"cameraMode":{"drawMode":0,"name":"Shaded","section":"Shading Mode"},"sceneLighting":false,"audioPlay":false,"sceneViewState":{"showFog":true,"showMaterialUpdate":false,"showSkybox":false,"showFlares":true,"showImageEffects":true,"showParticleSystems":true},"in2DMode":false,"pivot":{"x":2.724163293838501,"y":4.761263847351074,"z":8.727730751037598},"rotation":{"x":-0.2445848435163498,"y":0.5759854316711426,"z":-0.18597197532653809,"w":-0.7575193047523499},"size":13.607589721679688,"orthographic":false}